{
    "proportional": 0.0,
    "differential": 0.0,
    "stepLength": 40.0004,
    "stepHeight": 16.00016,
    "gaitHeight": 180.0018,
    "amplitude": 50.0005,
    "fr1": 8.00008,
    "fr2": 12.00012,
    "firstAriaFactor": 1.00001,
    "secondAriaFactor": 1.00001,
    "thirdAriaFactor": 1.00001
}